JOUR;LIBELLE_COUVRE_FEU;;;
17/10/2020;21h-6h;;;
18/10/2020;21h-6h;;;
19/10/2020;21h-6h;;;
20/10/2020;21h-6h;;;
21/10/2020;21h-6h;;;
22/10/2020;21h-6h;;;
23/10/2020;21h-6h;;;
24/10/2020;21h-6h;;;
25/10/2020;21h-6h;;;
26/10/2020;21h-6h;;;
27/10/2020;21h-6h;;;
28/10/2020;21h-6h;;;
29/10/2020;21h-6h;;;
15/12/2020;20h-6h;;;
16/12/2020;20h-6h;;;
17/12/2020;20h-6h;;;
18/12/2020;20h-6h;;;
19/12/2020;20h-6h;;;
20/12/2020;20h-6h;;;
21/12/2020;20h-6h;;;
22/12/2020;20h-6h;;;
23/12/2020;20h-6h;;;
24/12/2020;20h-6h;;;
25/12/2020;20h-6h;;;
26/12/2020;20h-6h;;;
27/12/2020;20h-6h;;;
28/12/2020;20h-6h;;;
29/12/2020;20h-6h;;;
30/12/2020;20h-6h;;;
31/12/2020;20h-6h;;;
01/01/2021;20h-6h;;;
02/01/2021;20h-6h;;;
03/01/2021;20h-6h;;;
04/01/2021;20h-6h;;;
05/01/2021;20h-6h;;;
06/01/2021;20h-6h;;;
07/01/2021;20h-6h;;;
08/01/2021;20h-6h;;;
09/01/2021;20h-6h;;;
10/01/2021;20h-6h;;;
11/01/2021;20h-6h;;;
12/01/2021;20h-6h;;;
13/01/2021;20h-6h;;;
14/01/2021;20h-6h;;;
15/01/2021;20h-6h;;;
16/01/2021;18h-6h;;;
17/01/2021;18h-6h;;;
18/01/2021;18h-6h;;;
19/01/2021;18h-6h;;;
20/01/2021;18h-6h;;;
21/01/2021;18h-6h;;;
22/01/2021;18h-6h;;;
23/01/2021;18h-6h;;;
24/01/2021;18h-6h;;;
25/01/2021;18h-6h;;;
26/01/2021;18h-6h;;;
27/01/2021;18h-6h;;;
28/01/2021;18h-6h;;;
29/01/2021;18h-6h;;;
30/01/2021;18h-6h;;;
31/01/2021;18h-6h;;;
01/02/2021;18h-6h;;;
02/02/2021;18h-6h;;;
03/02/2021;18h-6h;;;
04/02/2021;18h-6h;;;
05/02/2021;18h-6h;;;
06/02/2021;18h-6h;;;
07/02/2021;18h-6h;;;
08/02/2021;18h-6h;;;
09/02/2021;18h-6h;;;
10/02/2021;18h-6h;;;
11/02/2021;18h-6h;;;
12/02/2021;18h-6h;;;
13/02/2021;18h-6h;;;
14/02/2021;18h-6h;;;
15/02/2021;18h-6h;;;
16/02/2021;18h-6h;;;
17/02/2021;18h-6h;;;
18/02/2021;18h-6h;;;
19/02/2021;18h-6h;;;
20/02/2021;18h-6h;;;
21/02/2021;18h-6h;;;
22/02/2021;18h-6h;;;
23/02/2021;18h-6h;;;
24/02/2021;18h-6h;;;
25/02/2021;18h-6h;;;
26/02/2021;18h-6h;;;
27/02/2021;18h-6h;;;
28/02/2021;18h-6h;;;
01/03/2021;18h-6h;;;
02/03/2021;18h-6h;;;
03/03/2021;18h-6h;;;
04/03/2021;18h-6h;;;
05/03/2021;18h-6h;;;
06/03/2021;18h-6h;;;
07/03/2021;18h-6h;;;
08/03/2021;18h-6h;;;
09/03/2021;18h-6h;;;
10/03/2021;18h-6h;;;
11/03/2021;18h-6h;;;
12/03/2021;18h-6h;;;
13/03/2021;18h-6h;;;
14/03/2021;18h-6h;;;
15/03/2021;18h-6h;;;
16/03/2021;18h-6h;;;
17/03/2021;18h-6h;;;
18/03/2021;18h-6h;;;
19/03/2021;18h-6h;;;
20/03/2021;19h-6h;;;
21/03/2021;19h-6h;;;
22/03/2021;19h-6h;;;
23/03/2021;19h-6h;;;
24/03/2021;19h-6h;;;
25/03/2021;19h-6h;;;
26/03/2021;19h-6h;;;
27/03/2021;19h-6h;;;
28/03/2021;19h-6h;;;
29/03/2021;19h-6h;;;
30/03/2021;19h-6h;;;
31/03/2021;19h-6h;;;
01/04/2021;19h-6h;;;
02/04/2021;19h-6h;;;
03/04/2021;19h-6h;;;
04/04/2021;19h-6h;;;
05/04/2021;19h-6h;;;
06/04/2021;19h-6h;;;
07/04/2021;19h-6h;;;
08/04/2021;19h-6h;;;
09/04/2021;19h-6h;;;
10/04/2021;19h-6h;;;
11/04/2021;19h-6h;;;
12/04/2021;19h-6h;;;
13/04/2021;19h-6h;;;
14/04/2021;19h-6h;;;
15/04/2021;19h-6h;;;
16/04/2021;19h-6h;;;
17/04/2021;19h-6h;;;
18/04/2021;19h-6h;;;
19/04/2021;19h-6h;;;
20/04/2021;19h-6h;;;
21/04/2021;19h-6h;;;
22/04/2021;19h-6h;;;
23/04/2021;19h-6h;;;
24/04/2021;19h-6h;;;
25/04/2021;19h-6h;;;
26/04/2021;19h-6h;;;
27/04/2021;19h-6h;;;
28/04/2021;19h-6h;;;
29/04/2021;19h-6h;;;
30/04/2021;19h-6h;;;
01/05/2021;19h-6h;;;
02/05/2021;19h-6h;;;
03/05/2021;19h-6h;;;
04/05/2021;19h-6h;;;
05/05/2021;19h-6h;;;
06/05/2021;19h-6h;;;
07/05/2021;19h-6h;;;
08/05/2021;19h-6h;;;
09/05/2021;19h-6h;;;
10/05/2021;19h-6h;;;
11/05/2021;19h-6h;;;
12/05/2021;19h-6h;;;
13/05/2021;19h-6h;;;
14/05/2021;19h-6h;;;
15/05/2021;19h-6h;;;
16/05/2021;19h-6h;;;
17/05/2021;19h-6h;;;
18/05/2021;19h-6h;;;
19/05/2021;21h-6h;;;
20/05/2021;21h-6h;;;
21/05/2021;21h-6h;;;
22/05/2021;21h-6h;;;
23/05/2021;21h-6h;;;
24/05/2021;21h-6h;;;
25/05/2021;21h-6h;;;
26/05/2021;21h-6h;;;
27/05/2021;21h-6h;;;
28/05/2021;21h-6h;;;
29/05/2021;21h-6h;;;
30/05/2021;21h-6h;;;
31/05/2021;21h-6h;;;
01/06/2021;21h-6h;;;
02/06/2021;21h-6h;;;
03/06/2021;21h-6h;;;
04/06/2021;21h-6h;;;
05/06/2021;21h-6h;;;
06/06/2021;21h-6h;;;
07/06/2021;21h-6h;;;
08/06/2021;21h-6h;;;
09/06/2021;23h-6h;;;
10/06/2021;23h-6h;;;
11/06/2021;23h-6h;;;
12/06/2021;23h-6h;;;
13/06/2021;23h-6h;;;
14/06/2021;23h-6h;;;
15/06/2021;23h-6h;;;
16/06/2021;23h-6h;;;
17/06/2021;23h-6h;;;
18/06/2021;23h-6h;;;
19/06/2021;23h-6h;;;